{
  "loss": 0.027886921809656736,
  "acc": 0.962489
}